index,student_id,quiz_id,total_marks,topic_id,subtopic_id,score_pct,Performance_cat,performance_cat_code
0,17,aded26aa-3225-457c-9ea2-7d8f186cb7ed,6,288,577,0.0,low,1
1,17,24be5aae-4b5f-4279-8ec8-ca0c689778d2,11,288,578,0.36,low,1
2,630,32b70b5a-1efe-4ddd-b20e-7119977c20d1,6,288,574,0.5,mid,2
3,630,92fa7ef4-61d8-477e-89f8-48e68aae80fa,10,288,574,0.4,low,1
4,630,b5032f60-3330-4607-9c71-8a517bd4d298,6,288,575,0.5,mid,2
5,630,ea7ae163-414a-4ef8-ba73-5e6146dd4f52,5,293,602,0.2,low,1
6,630,5d9bad94-2142-4260-abd4-d2e83efa3e3d,5,293,603,0.2,low,1
7,630,76281055-8986-4f48-a1e7-5e6c6be750d5,6,293,603,0.17,low,1
8,5600,47ab52f6-956a-4512-8a7c-f551b86c9880,6,292,595,0.33,low,1
9,7173,d933ebcb-bb82-4e61-a347-6f59afa324f8,5,293,601,0.8,mid,2
10,7173,c01471a8-e77a-4004-9de8-a119c4f76513,7,294,604,0.86,mid,2
11,7174,f70ebb96-7ed3-444e-82f5-8d4d617182e7,7,294,604,0.71,mid,2
12,7174,b9ce29af-31c6-4352-93b5-ef76fa2888fb,5,296,615,0.4,low,1
13,7174,254766ff-3842-46b4-9dc4-c7d11145705f,6,296,618,0.67,mid,2
14,7181,0eddb0a1-bb51-4ba0-afc1-aa9feb2b6ead,6,288,574,1.0,high,3
15,7181,20cd8925-5fa7-4609-bbd4-502fd30f92e2,7,294,604,1.0,high,3
16,7181,e0f2eda7-b4c2-4eee-88f5-5497d61a5296,7,294,604,1.0,high,3
17,7181,ed25f3fa-d93a-4bd6-be8c-59272c7d733e,5,294,604,1.0,high,3
18,7181,67704658-756a-48a2-b60b-a5ac56df2a03,6,296,615,1.0,high,3
19,7188,3ffb8bb0-e95f-45a5-8663-39c6b66d83c8,5,293,599,0.8,mid,2
20,7188,0a31b0db-8f7a-44f6-82fe-4ce31980e375,5,293,603,1.0,high,3
21,7188,a8eb2293-2a5a-49a0-9707-799283ce0f72,6,293,603,1.0,high,3
22,7196,93a525bb-7cd5-4d15-9030-1ba829ef9242,6,293,603,0.33,low,1
23,7196,5f5956da-59e5-4455-b265-f205f086577f,7,294,604,0.86,mid,2
24,7196,f74fa6fc-e1dc-4c60-a104-4e60c58106e5,5,294,604,0.8,mid,2
25,7196,d2726de1-a30b-4e8a-a4c6-e33d07c3f4d6,7,296,615,1.0,high,3
26,7207,6d54ba4e-9862-422f-b3ea-469914678062,7,295,610,0.86,mid,2
27,7207,dd3c6a75-8e1b-46ce-9aac-062412bcc0a9,8,295,611,0.75,mid,2
28,7207,6d551887-957c-4e8b-bb74-36ba9c91f91f,7,296,615,0.71,mid,2
29,7207,9ecc3edb-5eba-4fbf-a657-36cb01f71fd7,5,296,615,1.0,high,3
30,7624,50f763fd-107f-4823-89a9-43ccdbd88556,7,294,604,0.86,mid,2
31,7624,67f730af-68b1-416c-ac46-89584528b01f,6,294,604,1.0,high,3
32,7624,72ff8ee7-5018-4eee-a441-fb10ba948f6d,6,294,604,1.0,high,3
33,7624,bd3f3b4b-d8c5-4334-875c-7ad68c053b83,5,294,604,0.8,mid,2
34,7632,ad224118-6e08-4edf-8fa2-8c8ef0ea9abf,7,294,604,1.0,high,3
35,7641,158015b5-c11b-43ce-b219-745213efd7ca,7,293,601,1.0,high,3
36,7641,42ea5b33-d8f4-451a-9505-786d126f27e2,7,293,601,0.71,mid,2
37,7643,ac53ded2-d3da-4ce3-819c-0ba12cebd88b,7,296,615,0.14,low,1
38,7643,ee1e4f65-f3f1-4c7d-bdc6-e23e76ed023b,7,296,615,0.14,low,1
39,7646,866850b3-36e3-4ebe-b181-0ba4717d849a,9,293,601,0.78,mid,2
40,7646,4a781988-7826-4dfa-9d80-5efb5cd1ec6a,5,293,603,0.8,mid,2
41,7646,f1b4039b-18e7-4347-b151-6327b24df06f,8,296,616,0.12,low,1
42,7648,cb328327-4c0f-43f1-8897-7c0b4a60251d,7,296,615,0.86,mid,2
43,9401,66567b15-0796-4452-b9b2-c110e9cf3ead,12,290,582,0.75,mid,2
44,9516,95fd964e-09f3-4b29-af1a-71e6a370dd86,8,295,611,0.62,mid,2
45,9522,05ca0cd5-7296-44e8-be4d-ffd259024e11,5,295,610,1.0,high,3
46,9522,1e677525-6cb6-4ece-ad3f-6eddd4f77e15,13,295,610,0.38,low,1
47,9522,bcf698c9-c8a4-4ec8-8efb-f4e600aec861,13,295,610,0.69,mid,2
48,9522,b9a97af5-5ec7-477b-bae2-577b1db34296,8,295,611,0.88,mid,2
49,9522,e57203ee-aeed-49cb-b0db-31c47a0d8909,5,295,612,0.4,low,1
50,9522,f04b6628-9f66-4d00-836f-858a36a30ebe,5,295,612,0.4,low,1
51,9522,05282bc0-8c8c-402b-b632-adf4d8357054,5,295,613,1.0,high,3
52,9522,65ad4fbc-c8bd-466e-9ccb-b9b3699b5c05,7,295,614,0.29,low,1
53,9522,4fbf3bcb-a5da-47b2-ad74-82df6df2ef86,7,296,615,0.57,mid,2
54,9522,1b8ad0cf-e65c-490a-9eba-cdae311c7066,9,298,629,0.44,mid,2
55,9522,5005e3f1-9cd0-452d-8889-1ddadb2076f8,6,298,629,0.5,mid,2
56,9522,555b83e9-ebad-491f-8481-4eb77ad137e7,6,298,629,0.83,mid,2
57,9522,1d6414d4-7e5a-4a63-9ad1-a5f3d100a038,9,298,630,0.22,low,1
58,9527,1ffca443-87fe-4419-919f-f669674a4420,7,291,589,0.29,low,1
59,9527,6ab00eaf-a324-4d14-8110-1eae10be1ea2,5,296,618,1.0,high,3
60,9533,7924dca6-f3d2-4ced-8046-2b4a73e2c8b3,7,296,615,0.57,mid,2
61,11106,745daf5a-2ac2-4459-98d2-0c4b0f323457,11,288,574,1.0,high,3
62,11109,5524ee49-08c6-4620-ab90-e4528f73beb5,7,294,604,1.0,high,3
63,11109,e5c5c2cc-6fdc-4876-827b-88a379c88549,7,294,604,0.86,mid,2
64,11109,0dad7abe-2042-439f-8ea5-004ef185c676,7,296,615,1.0,high,3
65,11109,488eec3a-9068-4bc0-b37b-4d80f408bc53,10,298,627,1.0,high,3
66,11109,5ad048bd-c514-4153-a531-23106b34684d,10,298,627,0.8,mid,2
67,11109,7e8e85c9-16c4-4f84-a007-c78adc50d97d,10,298,627,0.5,mid,2
68,11109,3f60de4b-359a-4413-b3d2-17ced4848590,10,298,630,0.6,mid,2
69,11111,d347f323-3936-43b7-bb35-d387749aaf81,11,288,574,0.91,mid,2
70,11127,76edec2c-0e7d-4313-8e6f-10e013296a1e,8,288,574,0.5,mid,2
71,11127,44ae3fc6-ebf1-470d-ad30-89ab6d1c2221,6,290,582,0.33,low,1
72,11127,c66ae16d-6825-49b8-895f-5b524725e1f3,6,290,582,0.5,mid,2
73,11127,03e16b0b-235e-45ec-882d-292226efb007,7,296,615,0.57,mid,2
74,11128,4f34a79e-d00c-4ee2-9f31-3c3f0b48010e,8,288,574,0.88,mid,2
75,11138,a36c5e1a-b2cc-4622-81c8-e5fae247ff0b,11,288,574,0.91,mid,2
76,11143,df0df191-8fc3-4a7b-8c72-779f0f6d2022,6,288,578,1.0,high,3
77,11143,83f2748a-a52d-4a4b-9ef3-00c32a38c530,8,288,579,0.62,mid,2
78,11643,05f071bd-d684-4b9d-8eff-f71100b3b8da,6,288,574,0.83,mid,2
79,11643,1f9825e5-3451-4f5c-892d-6ae62685b3de,11,288,574,0.91,mid,2
80,11643,844862d2-3b54-429e-94a5-3ca54be64a71,9,288,575,0.33,low,1
81,11643,3d9094fd-56ce-43c5-b5e7-21b9fc92edfd,13,288,576,0.31,low,1
82,11643,9587daea-cf0b-45cc-84f3-412f4e84d6e2,10,288,576,0.1,low,1
83,11643,ce7027e2-e342-47bf-b5a6-6853371ba2c0,6,288,577,0.0,low,1
84,11643,c472b6e3-a777-4308-9244-f79af453bda1,19,288,578,0.42,mid,2
85,11643,638fdda5-7825-4060-b89c-207e20c5c688,10,288,579,0.7,mid,2
86,11643,8b91449e-b4e5-40f6-9b8d-3ecdebdc9cd0,7,293,602,0.29,low,1
87,11645,9af1b85c-8cb6-4402-8e83-8412bace5255,7,288,574,0.57,mid,2
88,11646,add4d3e1-15c6-40c9-8fe5-b7441d1c05db,11,288,574,0.91,mid,2
89,11646,88d4f4d4-4947-4f5b-b94b-09c76eb21511,12,290,582,0.92,mid,2
90,11646,fd696d61-573b-49ff-958f-342d7801c915,12,290,582,0.92,mid,2
91,11646,1134b307-caec-4a64-b670-936e6d093404,10,291,589,0.9,mid,2
92,11646,a02e226f-17a2-4b3a-8bd9-a4eda8872cad,13,295,610,0.62,mid,2
93,11657,e29860a1-ea74-42a8-afb9-1fa332cf2500,12,288,574,0.83,mid,2
94,11657,259a0d1f-52f5-42cf-82b4-d18e83cc67db,7,294,604,0.71,mid,2
95,11657,66b63aae-cca2-4bcb-8e87-39163ccf89d5,7,294,604,0.57,mid,2
96,11671,d146b7a4-5147-45ad-8fcb-6dbeb5f7a191,8,288,574,0.25,low,1
97,11671,1a349409-b04b-4b6c-bf23-c1fcd4aba532,16,288,575,0.81,mid,2
98,11673,1cd25115-e082-41f8-8111-297be049dda4,11,288,574,0.73,mid,2
99,11673,f410b652-d1c0-489f-9af0-3b4ea2fb54f1,11,288,574,0.73,mid,2
100,11673,6254adcf-82d4-426a-a8c2-1c4cc036f895,12,290,582,0.67,mid,2
101,11673,63198b13-a375-4e06-b6a7-db5ff93c0ac6,7,290,582,0.43,mid,2
102,11673,bdb35f64-856e-4304-a525-6904365a015e,5,290,582,1.0,high,3
103,11674,6dfd0c03-3ca9-49db-9707-3fff40974a38,11,288,574,0.45,mid,2
104,11674,d7275f10-1fc5-4616-ae94-f8b32a27ede9,11,288,574,0.45,mid,2
105,11675,84968215-7297-48df-a6aa-a004f8c9ef6f,11,186,360,0.64,mid,2
106,11675,160f2c98-a516-412b-bf9e-569e09b34d06,7,288,574,1.0,high,3
107,11675,684947f6-2fc6-4046-9485-feebdc0915aa,11,288,574,0.82,mid,2
108,11675,fd5e5e90-e3d6-4503-9a97-bcececbab3f8,11,288,574,0.45,mid,2
109,11675,50498a7c-da4b-4693-9b9d-78a13031ee43,19,288,575,0.21,low,1
110,11675,6e485cfd-5c64-40be-ab70-c56e8c053263,19,288,575,0.89,mid,2
111,11676,7f8335f5-c9b3-412a-abde-2ff787a2eba2,11,288,574,0.18,low,1
112,11676,88157715-0a8c-46c5-aed6-7a6bdf2caa63,11,288,574,0.45,mid,2
113,11676,b4470e7f-e878-4e97-ae5e-27a344db59db,11,288,574,0.82,mid,2
114,11676,dc5b5e48-ce84-419b-9fb0-d06625720cf3,7,288,574,0.14,low,1
115,11676,efb9bbc0-5400-4178-bc5a-2ac4da5febf9,10,288,574,0.5,mid,2
116,11676,01ad06b9-fe9c-481b-a805-76938f7ee822,5,290,582,0.6,mid,2
117,11676,68ab00b5-29a3-4267-9833-c23d928d0276,10,291,589,0.2,low,1
118,11676,259460dd-87a9-4777-82b6-2baf8c329c16,6,291,591,0.33,low,1
119,11676,e3f6e5b3-b70b-417c-a8b1-26aad3be8837,10,291,591,0.4,low,1
120,11682,8fa94421-9177-42af-b1f0-c5cd59118ccf,5,288,574,0.4,low,1
121,11684,d6f5b783-f8a2-4f40-b092-29abf209b53d,11,288,574,0.82,mid,2
122,11684,dc83b72d-c0d9-4fa8-8a2c-0dd3068fd8f0,6,288,574,0.83,mid,2
123,11684,0b9afc96-774d-4f9a-8600-59933ae8adaa,12,290,582,0.75,mid,2
124,11684,6d7e9666-4ef8-4840-b93b-748b4c7bfea8,6,290,582,0.67,mid,2
125,11684,f3c4b7d3-44c6-4d3d-91a4-59f86f76150d,6,290,582,0.83,mid,2
126,11685,c3c7eac9-12f6-4edb-a0ac-0e0f42e375b5,11,288,574,1.0,high,3
127,11686,5926a36a-c59f-4938-9789-aa570fb417ca,7,288,574,0.86,mid,2
128,11686,bae61b3a-28f9-4119-ae70-5a975e4b9f44,11,288,574,0.73,mid,2
129,11686,fd112a2b-9314-4145-ae2d-46364c4e45fb,11,288,574,1.0,high,3
130,11686,3ec24333-2339-4155-9b2e-262693542572,12,290,582,0.92,mid,2
131,11686,7ecac5e0-4eb2-4e50-b5cb-f4667dc51b8d,7,294,604,0.14,low,1
132,11686,5b7eec5c-324d-4719-b2e5-760ba67ac793,6,295,610,0.67,mid,2
133,11687,4c984cb7-cf2b-4527-845d-a31c3536234e,7,288,574,0.43,mid,2
134,11687,18919b74-4fda-43bd-b754-0c6df87e3640,8,296,616,0.12,low,1
135,11687,91fe7f56-b071-4ded-b15b-5313e9b31baf,6,296,616,0.33,low,1
136,11691,ab5c185d-18b6-451e-b880-0d4803f68733,11,288,574,0.91,mid,2
137,11691,e21afd52-03a7-4e9f-bf77-9a27c6c8ab37,7,295,610,0.29,low,1
138,11692,3845e623-4a14-46cd-8db0-a83b290c0349,10,288,574,0.6,mid,2
139,11692,9060d8fb-04bc-41db-a028-dcc2a964ab89,8,288,574,0.88,mid,2
140,11692,bbe3fc85-887b-4a65-b127-ec469febf1b4,11,288,574,0.91,mid,2
141,11692,10401b01-a820-402e-9440-20ca5a35ce2e,6,290,582,0.67,mid,2
142,11692,6b66c3fa-7ad0-4378-8be7-eee933a85836,12,290,582,0.42,mid,2
143,11692,86b07da2-e8e2-4d7d-9cfd-b36f1693c661,12,290,582,0.92,mid,2
144,11692,ce25c5b9-7c53-4c70-9c08-185a6a81890a,12,290,582,0.17,low,1
145,11695,76c90d60-47b7-4451-bd57-fa32d3fdc7cc,11,288,574,0.18,low,1
146,11695,90a8278c-1e41-49bb-8406-3bed68902e8a,11,288,574,0.45,mid,2
147,11695,9492a8c6-6732-4265-b82a-83191e496120,11,288,574,0.36,low,1
148,11695,aa27e449-0518-47fa-b6d0-bd09c750a821,11,288,574,0.36,low,1
149,11695,c7335999-fae5-4f1f-bbdd-f71fa2fb9b3a,11,288,574,0.36,low,1
150,11695,fec0bd66-d699-4438-a6f7-166714d9d9ca,11,288,574,0.64,mid,2
151,11695,c9a129dc-d5f3-4937-921c-c87f86905c9f,6,288,576,0.67,mid,2
152,11696,7f295f15-a945-4b32-8ff1-24740549610a,11,288,574,0.91,mid,2
153,11696,314a4af2-43cd-4c7d-9d4d-813c3302097f,19,288,575,0.79,mid,2
154,11696,79a0f4f1-ce77-48e8-9564-d0939e935f31,10,288,575,0.9,mid,2
155,11696,83fa9cc0-ff51-4e6c-ad60-daad2f652fff,9,288,575,0.78,mid,2
156,11697,c10e6860-1f4e-4a1f-a4e5-7a34b876bdae,7,288,574,0.57,mid,2
157,11697,04b7909c-e483-4e01-97f3-7da117cbda6c,12,290,582,0.75,mid,2
158,11697,bfc4255b-3495-42a8-9364-28430f1e1792,13,295,610,0.23,low,1
159,11698,2354e03a-509b-435c-8fd9-d7ff0a8d336e,11,288,574,0.64,mid,2
160,11698,2e73e44e-434c-4e40-88db-3d2df7d7904e,11,288,574,0.73,mid,2
161,11698,314cd124-b3ea-49a6-aa18-01fb30e9fd2d,11,288,574,0.27,low,1
162,11698,3be1d688-fa85-47f6-8adc-e4cfaf85a1bc,11,288,574,0.82,mid,2
163,11698,896d0942-443d-456c-8837-7e01458e8484,6,288,574,0.5,mid,2
164,11698,bb62748e-831e-471e-8adb-8691c664d95a,11,288,574,0.64,mid,2
165,11698,bd6805c8-03a0-4bf8-9137-64ddd70b29b6,8,288,574,0.5,mid,2
166,11699,4c336305-5598-4827-86d2-b3ce1497d72e,9,288,574,0.44,mid,2
167,11699,59231ef4-4009-403f-89f0-04e65441ad8a,11,288,574,0.36,low,1
168,11699,6d2cfbb7-b577-4eb0-bfdb-dcad6d8fa525,11,288,574,0.45,mid,2
169,11699,dbff704c-9cfd-46ab-b954-411cfb499cc6,5,288,574,0.4,low,1
170,11699,e3f01b54-5350-43b8-8315-585c3a2cbc64,11,288,574,0.27,low,1
171,11700,0b2775aa-542b-4c98-90f4-d5ea2aa8efab,11,288,574,0.27,low,1
172,11700,23f016dc-e756-4de3-bed9-4af7b9fac2ae,11,288,574,1.0,high,3
173,11700,2b77e2ad-79bb-49bf-924b-1a25023cb885,11,288,574,0.18,low,1
174,11700,2b88ba1b-b5a7-4b12-8dc8-be70738ba3bc,6,288,574,0.17,low,1
175,11700,06051c6e-b0f9-4ef9-8db3-d35db4400cf7,9,288,575,0.89,mid,2
176,11700,1c14338c-2be4-4a3e-81bb-ceef1671ff54,19,288,575,1.0,high,3
177,11700,82464fde-f301-45d2-a032-4e1ad2d7e302,8,288,575,0.88,mid,2
178,11700,ff6a5cc1-9be8-4cf8-b819-dff34ee8fd8d,7,294,604,0.86,mid,2
179,11700,53dc205f-d0c1-4b4b-98d2-cd5a8f2e1aa5,6,296,615,0.33,low,1
180,11701,00042db6-9faf-45d3-8d94-2b05783f49da,11,288,574,0.82,mid,2
181,11701,3a6e2529-1ad9-4d97-a442-9e4c34a12104,11,288,574,0.55,mid,2
182,11701,899938b7-1279-4aca-96bc-5548a74c1362,11,288,574,0.64,mid,2
183,11701,db9c8e6f-f588-47e3-b5e3-fe4fa239b46a,5,288,574,0.4,low,1
184,11701,cfcb6cc9-268b-4b5f-8c0d-05c8c6f3bc0d,19,288,575,0.63,mid,2
185,11701,ece3fb0c-42a9-4ef3-910e-9f7643dd0e2d,16,288,576,0.31,low,1
186,11702,1e7e3b57-9daa-4356-b788-fb3e44545151,10,288,574,0.9,mid,2
187,11702,6a3ce578-f82a-47d2-8631-b58447315b57,7,288,574,0.57,mid,2
188,11702,82b31081-edc4-40d4-8982-8bb6029d6a66,12,288,574,0.92,mid,2
189,11702,d9169ee0-0314-4f4f-80f8-132bfc3dde57,11,288,574,0.91,mid,2
190,11702,ff866aad-011b-42e5-93c1-a1b0d4da484c,5,288,574,0.4,low,1
191,11702,0eb5f044-1170-4fb9-80ce-b260cd69f282,12,290,582,0.58,mid,2
192,11702,1ced01bf-b154-4fec-9ab2-ef58eb727f32,12,290,582,0.75,mid,2
193,11702,eff94138-8a1e-4d4e-9979-09e382a14ab2,5,290,582,0.4,low,1
194,11702,28ee98fe-c05b-4984-beb8-f023a934d17f,10,291,589,0.4,low,1
195,11702,3b8fe8db-abb6-4b17-afb7-0bc85e292cd6,7,294,604,0.71,mid,2
196,11702,c3dd0fbe-98e8-46df-9840-a7f5c0011880,7,296,615,0.43,mid,2
197,11702,dc3d7f4c-6130-490b-8a78-97a46b1230cc,5,296,615,0.0,low,1
198,11702,ddff1762-4843-4597-8a0c-b088fd1e47cb,7,296,615,0.43,mid,2
199,11702,e270eff9-c579-443b-bff3-609ae5b7fc10,7,296,615,0.43,mid,2
200,11703,1665009c-9c7a-411d-a807-2c2cd3c957a4,10,288,574,0.5,mid,2
201,11703,199f3006-3b4c-4727-ba3e-21bd8320ab8e,7,288,574,0.57,mid,2
202,11703,4fabf35a-199b-4a49-bb84-429aee854204,6,288,574,0.5,mid,2
203,11703,7add54cb-ff99-4aeb-9d19-a7a1d38cac86,10,288,574,0.3,low,1
204,11703,8e2162a3-151a-4861-b5f6-7f3c924748e0,11,288,574,0.91,mid,2
205,11703,c623b6fd-cde6-4383-b2b7-39bc8d6bee0d,11,288,574,0.73,mid,2
206,11703,8daccc39-47fb-41d2-b1eb-e7b21d20ff85,15,288,578,0.53,mid,2
207,11703,64d5a160-b383-4c57-bfa1-2b184758b0b1,7,291,589,0.0,low,1
208,11703,bfb74564-311a-471b-9075-f0c2359dc14a,10,298,627,0.9,mid,2
209,11705,4cc48c29-f8e1-400a-97db-c89ca085a643,11,288,574,0.82,mid,2
210,11705,89f12606-1ca1-4dfb-99ba-fc91801cb0a9,12,288,574,0.83,mid,2
211,11705,25223721-ab61-4ed5-9316-8270409edcb5,6,288,576,0.67,mid,2
212,11705,6c11c059-e286-49be-8242-ef6fcb5e0be2,9,288,578,1.0,high,3
213,11706,0742c4f7-aafc-4a6c-b982-a34e81105b91,11,288,574,0.82,mid,2
214,11706,33ac5984-7853-46a2-8be6-7a3b8f4884b2,5,288,577,0.4,low,1
215,11708,4240e347-ba2c-48d6-9082-5ddc6c395dcb,11,288,574,0.27,low,1
216,11708,5f031991-6d57-42a3-b396-5e099537bca3,11,288,574,0.27,low,1
217,11708,79d74f17-6337-4adb-9c01-6b7068bbc3a8,11,288,574,0.91,mid,2
218,11708,e34899b3-f72e-45ff-b40f-d632a86080e1,11,288,574,0.27,low,1
219,11708,315e0c97-5bc6-43db-9ca1-3f22705278dc,12,290,582,0.83,mid,2
220,11708,f0486daf-e8f8-43cb-94b9-72eb772bce62,7,290,582,0.29,low,1
221,11709,692dd998-0566-4e5f-801c-01bed6716a1c,11,288,574,0.36,low,1
222,11709,eac7f4ab-372d-44fa-ae91-b7e423a2bdd7,7,288,574,0.43,mid,2
223,11709,922aee48-6fd6-41f2-a40e-5bd56dddf65a,11,288,576,0.36,low,1
224,11709,ae8403db-6ea5-4ea4-b72a-66316c309373,10,291,589,0.3,low,1
225,11710,031bb664-6775-4887-a943-bd6bb3b43a13,11,288,574,1.0,high,3
226,11710,71d5eaac-acd3-4fe7-8ba9-f475cf9129f6,11,288,574,0.91,mid,2
227,11710,95df80b3-2a67-4327-9ba0-eee335897e40,5,288,574,0.6,mid,2
228,11710,ea6458dc-e35d-4bef-93fe-ccaa608183c8,10,288,574,1.0,high,3
229,11710,fd4712ea-63e2-4f6c-9136-46c643475f8a,11,288,574,0.91,mid,2
230,11710,42ce77b4-f725-4ba1-bb1f-b3a9737ea183,10,288,575,0.8,mid,2
231,11710,056dcbeb-45fe-4d1b-9c83-9ec358a6e1c7,5,288,576,0.8,mid,2
232,11710,404a8ab2-665c-462c-9506-ac54971b2dcb,5,288,576,0.6,mid,2
233,11710,56cdd521-05d2-4279-b860-8151108e571b,6,288,576,0.83,mid,2
234,11710,c23b5621-ef68-4755-ba7c-9ec51f0cb99c,5,288,576,0.8,mid,2
235,11712,6fecd9b0-ba0f-4f05-b581-07fbdbb0a46d,6,288,574,0.33,low,1
236,11712,a0fe30bb-c400-47a8-b448-e9efaedbd3d2,5,288,574,0.4,low,1
237,11714,586aa3c0-f0a7-4b37-b5bf-d6293e08f07b,11,288,574,0.55,mid,2
238,11715,386365a9-ed6c-4454-8b59-b3521a8e5008,11,288,574,0.82,mid,2
239,11715,a86836cb-36d6-47b3-a14e-e6ffdc471caf,11,288,574,0.91,mid,2
240,11716,23423135-b716-4590-bcf3-5a441890b805,11,288,574,0.64,mid,2
241,11716,6d55fbed-a4c1-4ffa-9e17-859ba0faaf8c,11,288,574,0.55,mid,2
242,11716,a2a0bc57-7e38-4f73-bc52-5d0585b2e75f,11,288,574,0.36,low,1
243,11716,b8f64faf-ad37-4433-8eb9-9860f0339d7b,11,288,574,0.27,low,1
244,11716,141f209e-ea09-4e48-9494-c219174f7729,19,288,575,0.32,low,1
245,11716,a47abfcb-22eb-411d-97c1-ce067712175d,5,291,590,0.0,low,1
246,11718,64ea2295-37f6-47c2-be0e-33d9f0e1226d,10,288,574,0.4,low,1
247,11718,97f4c0c3-34d5-433d-a25e-1218a0a33a90,11,288,574,0.91,mid,2
248,11718,bc3844ae-4a2f-47ef-a811-b705d3412b6f,5,288,574,0.4,low,1
249,11718,1e21bfc7-231b-4b07-bf36-2f245ffa26b1,13,295,610,0.77,mid,2
250,11720,6c1da043-0eab-4bdb-9224-856df5931f6c,11,288,574,0.91,mid,2
251,11720,b70a04e8-2c16-4767-bd7b-5511e7e096f8,11,288,574,0.64,mid,2
252,11720,de1c1c54-df67-433a-93fd-40aecc8a865e,8,288,574,0.62,mid,2
253,11720,86d9c6f0-36fa-445e-a24b-e7e65b624fab,11,289,580,0.82,mid,2
254,11720,a172dff7-cd7c-402d-b56f-9929959b0d2e,12,290,582,1.0,high,3
255,11720,ec346b7c-9d98-4891-bba6-2655b539f3d6,12,290,582,1.0,high,3
256,11720,fd5cfb06-ea36-4bee-ac06-8779a02c1558,12,290,582,0.5,mid,2
257,11720,5c78d464-dad4-4c0d-a239-61783b111cf8,10,290,588,0.0,low,1
258,11720,8cec0152-c0f2-497c-9b3d-3a282b832faa,10,290,588,0.3,low,1
259,11720,2dad91af-3128-4a1f-893a-709a6e73f04a,10,295,610,0.1,low,1
260,11720,8cec0152-c0f2-497c-9b3d-3a282b832faa,10,295,610,0.3,low,1
261,11725,75c2c8f7-b6ef-42ad-929c-17aceb7f7217,5,109,184,0.2,low,1
262,11727,e91c035c-6751-4078-9932-1c3989183dbe,11,288,574,0.27,low,1
263,11727,8910426c-d592-45af-baf5-524404dce622,7,288,578,0.29,low,1
264,11732,637c0e47-8339-40b5-86db-76378e37c27f,7,288,574,0.43,mid,2
265,11732,b4472f4a-cac5-4794-8aed-b64912f7b146,11,288,574,0.36,low,1
266,11732,c896b227-7719-4caf-84a2-d128003cf901,11,288,574,0.55,mid,2
267,11732,014fce29-e564-4705-bd75-1d8fe5c09af9,9,288,576,0.44,mid,2
268,11732,d4bba4b2-fba3-4e42-8456-059b296f2e93,9,290,582,0.78,mid,2
269,11900,a28a054f-60fa-4116-8c1c-a6296b0a179b,10,295,610,0.1,low,1
270,11901,13962022-63b9-4bf1-898c-c158461b35de,10,295,610,0.4,low,1
271,11901,5592c8aa-5d8f-4b7a-9a2d-ab5fe05077d3,5,295,610,0.4,low,1
272,12078,7bc4850f-1010-471d-9141-98ef7010ac7f,5,295,610,0.2,low,1
273,12086,3fe9e357-20cb-42b0-9bb5-95a56a891d49,5,291,589,0.2,low,1
274,12086,f95886e9-1a5a-4682-bbb6-4bfc02a5a73a,7,296,615,0.14,low,1
275,12096,f14bad77-1857-49b5-a5cc-bcfd9c053f18,12,288,574,0.17,low,1
276,12096,1fe88107-e1f1-4382-9a05-b80d2f076477,7,296,615,0.57,mid,2
277,12096,80623ceb-30bc-43e5-9e98-6abda71f9ca1,7,296,615,0.43,mid,2
278,12135,9a83e387-b3eb-4e54-979f-026ca0394bea,7,296,615,1.0,high,3
279,12137,202de4c3-7276-4bf3-a6ae-963efbb33081,6,296,615,0.5,mid,2
280,12170,b2dd9dab-2509-40d2-ae50-eaba9eb9aad2,10,291,589,0.4,low,1
281,12171,4381c98d-0eb9-4405-b563-6c119bd39506,10,291,589,0.5,mid,2
282,12177,2e83aac2-425b-47fe-8b37-5b7ef6768178,7,296,615,0.57,mid,2
283,13310,63053961-ef5e-4046-be4d-5815809410a8,11,288,574,0.73,mid,2
284,16211,cbbcb4f4-ad18-471d-a858-3a0abb7466a0,12,290,582,0.83,mid,2
285,16212,5015f12e-e0f5-4179-937c-fa1ebc2b5034,12,288,574,0.75,mid,2
286,16212,88469afb-0b7d-4f29-9d19-41ed91ca59ca,12,290,582,0.75,mid,2
287,16212,52d908d2-9e17-41e3-8247-f3cc62b5d408,10,298,627,0.8,mid,2
288,16358,41a01dab-2b91-484a-b24d-c2ed0e6354fd,6,296,615,0.0,low,1
289,16415,18e7bbeb-55b3-414c-8ef3-4615355a9e77,7,290,582,0.86,mid,2
290,16415,e2e50ad7-ac50-4dd4-b206-5de85d5ab97c,7,298,627,1.0,high,3
291,16782,790931fe-7c5f-4220-b24b-21c958993920,11,290,582,0.64,mid,2
292,16782,7b0016f3-fbbd-40b4-9d5d-5963c159d948,7,291,589,0.57,mid,2
293,16782,160278ae-0ce0-40db-984f-450ccc5d13c3,6,296,615,0.5,mid,2
294,17043,ac0e0c0f-2e3f-4137-9818-98477f4cd676,5,298,627,0.4,low,1
295,17043,9450fd01-9fc9-4570-9d6d-4f85619c9e70,10,298,628,0.8,mid,2
296,17043,d9020747-0bfb-4120-9395-3006e3df861f,5,298,630,0.4,low,1
297,17043,4e740715-4191-4943-b8ef-a0b577003049,9,354,740,0.56,mid,2
298,17045,555a3b40-b7f7-4be6-bfcf-5ad1454c4c76,8,291,589,0.5,mid,2
299,17045,98924b48-edf4-41d6-b99f-9d61681f6f52,9,293,599,0.22,low,1
300,17045,f2bb6059-9775-43e1-b8a7-5c93ba3858fb,7,294,604,0.86,mid,2
301,17045,88b538cb-cde5-4570-815e-c7386f7c07f9,13,296,615,0.46,mid,2
302,17045,d29cc681-1f90-411a-90c3-a8439299ce03,10,298,627,0.7,mid,2
303,17047,e40c577a-bb14-462c-9acc-0661d3d7f636,8,297,623,0.88,mid,2
304,17047,f6481787-4d6b-4dd1-b6be-fce2b43c4784,8,297,623,1.0,high,3
305,17047,b9159469-59fc-47b7-851c-e626c417ef37,7,298,628,0.86,mid,2
306,17047,c2c0ac47-77a0-4084-b27d-0a93f6451711,5,298,630,1.0,high,3
307,17048,7ea1d445-3942-402e-b186-1e0fe0331638,5,294,604,0.6,mid,2
308,17048,0d890f4d-640c-4381-bdb3-4b3f533fdb71,5,295,610,0.6,mid,2
309,17048,21444a21-3c75-4836-90a3-2850e419704f,5,296,615,0.4,low,1
310,17048,9a8c5d36-2261-4887-b10f-363143acece8,5,296,619,0.4,low,1
311,17049,367ed856-1d87-4ff2-9679-8f6744d9e8b8,7,144,258,0.86,mid,2
312,17049,91cdb49d-b4ed-4006-abca-4c2535ffbcff,5,295,610,0.4,low,1
313,17052,04ab542d-14f0-498d-8ab0-4c6a2d3a25b1,10,291,589,0.8,mid,2
314,17053,c17e9be8-8e02-4fa8-a09a-2b9777498f3a,12,288,574,0.92,mid,2
315,17055,a4e4e2ae-0975-4af3-8dda-1ca3ead20f24,9,289,581,0.33,low,1
316,17055,6770da37-0718-403e-9055-7da786f7e828,7,291,589,0.57,mid,2
317,17055,44a72b2b-5384-43ab-98fd-0206d359c7ff,7,294,604,0.29,low,1
318,17055,ac1fd15b-010f-4090-a98d-8d70fee031b7,8,297,623,0.88,mid,2
319,17056,a620f2ad-7fdb-47bd-8f03-92149bd5e125,7,86,126,0.71,mid,2
320,17056,a4c8f4f5-9419-4f3b-9301-c914f1a8885e,8,288,574,1.0,high,3
321,17056,faa2fd9d-4e94-48c1-a1d2-8b4459d69f77,11,288,574,1.0,high,3
322,17056,e0fba0f3-03bb-453d-bfcb-fc1fa181c419,19,288,575,0.89,mid,2
323,17056,54102615-ff35-4344-a05b-2008bb738c02,9,288,576,0.67,mid,2
324,17056,9c1b1057-fdec-4598-8aac-f347414ac20b,6,294,604,0.67,mid,2
325,17056,8c5b7601-23ab-4394-ae83-2632f97c585a,8,294,608,0.75,mid,2
326,17056,46bc2a41-c1ec-415f-9816-941c4eaeae2c,5,296,615,0.8,mid,2
327,17056,f48e21a1-9a13-4781-957b-d6dafb2b5641,9,298,627,0.56,mid,2
328,17059,4cf13c74-d6b0-4419-9ab0-0de9a3f1e842,10,291,589,0.4,low,1
329,17060,ee557ebb-4553-4d03-babd-ec7632703246,6,111,268,1.0,high,3
330,17060,177f993e-be53-47a5-bc4e-83b6e8ded647,11,168,1331,0.91,mid,2
331,17061,def13129-7ed6-49b2-b7b6-ac382cb9c0ec,9,298,627,0.89,mid,2
332,17062,3ca18329-58e8-42ca-b137-da4bfc287913,7,294,604,0.43,mid,2
333,17062,ca0d9629-87a6-4b4c-a26d-4e5292febfd2,9,294,609,0.33,low,1
334,17062,cc8bc145-cfd3-4c3f-b21a-b348fbb43978,7,296,615,0.86,mid,2
335,17062,54a97e0e-b4e2-41fd-b260-2024336f4548,10,298,627,0.4,low,1
336,17062,e73869fc-dc6a-48a8-9f9c-b36683bb4f68,10,298,627,0.3,low,1
337,17062,f6c1ffdc-4049-46df-90d9-7be1efedc257,10,298,627,0.2,low,1
338,17065,27ef31a1-01af-474b-b8fd-dca086a45dad,10,146,273,0.8,mid,2
339,17065,9c3d1a07-d4ee-46c3-a995-d7a04254bd3c,12,288,574,0.33,low,1
340,17065,4569acec-6c14-4360-854c-e91be79d71d0,11,290,582,0.64,mid,2
341,17065,3e06f4a2-3d91-4566-b1c9-62c588397d20,7,296,615,0.86,mid,2
342,17065,98e8e874-760e-41ec-957b-6dee3b4cd876,7,296,615,0.71,mid,2
343,17065,4c3c1da8-5e97-48a0-b3e8-f532c50d4e93,9,298,627,0.44,mid,2
344,17066,f37daf18-93c3-4d78-b90f-03452dd1392b,12,149,279,0.92,mid,2
345,17066,562723c5-8090-48ea-965e-bffc77188889,6,288,574,0.5,mid,2
346,17066,6024e04d-dfa7-4bfa-a093-aec47d1332d4,8,290,582,1.0,high,3
347,17066,36129255-2b76-4715-a19f-1f25caa847ca,11,294,604,0.55,mid,2
348,17066,e2aec021-14d7-4901-8dd2-987bced1957f,5,294,606,0.6,mid,2
349,17066,af05474d-e341-4107-ac7b-f201a6537a03,8,295,610,0.62,mid,2
350,17066,22e98ab4-cada-462d-8cdc-c90e34deb7c9,7,296,615,0.86,mid,2
351,17066,2fad30da-bf3c-44e4-b950-35f67735ac38,7,296,615,0.29,low,1
352,17066,ddeb1cc1-094f-425d-afc3-002c4d66a00e,7,296,615,0.86,mid,2
353,17066,33ee2ba9-d4b5-4381-82f6-4eade05464bc,7,359,781,0.71,mid,2
354,17066,93b41b03-cf05-472c-abc6-e73ca0e43b14,6,359,781,0.67,mid,2
355,17068,69678d78-0f06-4672-9b78-e4c9986bb92a,12,111,268,0.83,mid,2
356,17070,4fe8da22-bfb2-445b-9165-579ea24381c0,11,288,578,0.91,mid,2
357,17070,a1017dba-e3da-4ca7-81cb-cf60e728210d,10,355,752,0.5,mid,2
358,17073,7446afe7-92a1-4bad-8658-a4eb4cabb72b,10,298,627,0.9,mid,2
359,17076,d928e65b-80e5-42d5-ae69-c8752d6346d4,12,289,580,1.0,high,3
360,18549,9b2b72fb-f04a-4c5a-91ca-3a619ebb42c6,10,288,574,0.8,mid,2
361,18549,a2ee18f1-f037-40d7-b9ab-f3b055400761,7,296,615,0.29,low,1
362,18551,58626f73-7875-4b5b-b96b-0da9e3fb7b46,9,292,597,1.0,high,3
363,18554,d2b40d53-6877-4bdc-9429-2609c02ff93c,12,288,574,1.0,high,3
364,18554,4ba3c624-9a35-4fd2-b9ec-522ad7eba459,12,290,582,0.92,mid,2
365,18554,f73f84ea-34f7-4d91-994b-5e275d3f1362,10,298,627,0.7,mid,2
366,18717,d7263b2c-f3cb-4a5b-b819-a6d94e5234c2,11,288,574,0.64,mid,2
367,18717,d8832ce8-2577-4963-a817-03769d410a69,11,288,574,0.55,mid,2
368,18717,2aa7f612-e50f-4345-99ee-3e77f47ba3a3,12,290,582,0.17,low,1
369,19353,cb7f5c6c-7c94-4ca3-a173-e0c6ea668166,8,288,574,0.88,mid,2
370,19354,0e3792f0-939e-4142-b766-53c519f00e5f,10,291,589,0.2,low,1
371,19355,03fb3028-de49-4977-ba59-3aad81501bad,6,232,490,0.5,mid,2
372,19369,8c1ac8c5-09c4-4cba-a4b5-afefe46605ac,11,288,574,0.27,low,1
373,19369,f744876c-4bf7-4fb9-b9aa-cc9ba72487f8,10,288,574,0.2,low,1
374,19372,1f099817-8277-4d72-822a-798dab47e2c2,10,288,574,0.4,low,1
375,19372,c13e875f-f8af-43cb-824e-fe0c0ed95257,11,288,574,0.27,low,1
376,19374,98166fa9-8c1f-4b7f-aab7-670ed59e600c,11,288,574,0.55,mid,2
377,19376,d1eec3ae-e62d-48e2-86f9-c61bc9e6f735,8,288,574,0.88,mid,2
378,19376,f8fbc6cb-3cc9-4ac6-8e9a-fea28574574c,11,288,574,0.36,low,1
379,19376,ff2da4ff-f7f5-4901-9283-23559806842c,6,290,582,0.17,low,1
380,19383,0a8b4c85-267d-403c-9e90-2a8209b3a562,6,288,574,0.83,mid,2
381,19390,84c86a47-9d21-4a2b-81f7-6f1fcce779fc,12,288,574,0.75,mid,2
382,19390,fa3482cb-1090-4604-b68c-55cd71895f87,11,288,574,0.82,mid,2
383,19403,68369d6d-bb8f-45be-a8eb-1398db579fb5,6,288,574,0.67,mid,2
384,19404,479af06c-e23f-494d-97eb-0848ab284dab,6,290,582,0.5,mid,2
385,19410,8bf12b3a-77d2-44bf-96a7-62bda272c5fd,7,291,589,0.86,mid,2
386,19412,80334fa5-0cdb-4376-b5d3-1af85d0a5073,7,296,615,0.14,low,1
387,19425,882126fc-13b7-402c-9313-d505cc79e1c9,11,288,574,0.64,mid,2
388,19427,7da677b4-1c21-4476-b24a-61a13d33abdb,9,291,589,0.33,low,1
389,19427,63f00e21-62fa-493b-b86c-8be587103fd1,8,293,600,0.0,low,1
390,19427,869e4615-7ac6-4f60-8c4f-224cdbe5a6ea,8,293,600,0.0,low,1
391,19427,5f851bc5-53d4-4b68-8741-a95a4dc51e5e,13,295,610,0.8499999999999999,mid,2
392,19427,e7b1d7a9-211d-41ff-81ca-2bef8a24bf08,13,295,610,0.46,mid,2
393,19585,89824b5a-cc67-47af-aeb1-00932c37cada,7,296,615,0.71,mid,2
394,19622,6efda937-d1a6-4ed0-8033-0c3366023c88,5,292,593,0.4,low,1
395,19994,fb114525-56ca-424a-9bf2-d5c7fc29753d,6,291,589,0.33,low,1
396,21264,c51d38c0-db64-4b6d-9462-4192190ffde2,12,288,574,0.5,mid,2
397,21264,c8c22e4b-2273-4e0c-b784-dbe6a229c5fe,12,288,574,0.42,mid,2
398,21265,ece133be-fdd7-4ae8-a883-b960b327625b,12,288,574,1.0,high,3
399,21265,0d51d086-2bc6-4d0c-9bd5-e325d6005547,10,288,576,0.9,mid,2
400,21272,42f0a2b1-ec42-4a16-84ff-160065783ecf,12,288,574,1.0,high,3
401,21277,0acb89e6-0120-4f36-80ee-c961703661d4,7,295,610,0.71,mid,2
402,21334,bf40d5f2-7dc2-450b-9c30-f9d779856ceb,7,293,601,0.29,low,1
403,21531,6058a37b-5fd5-466f-841e-0f33a8c81942,7,294,604,0.71,mid,2
404,21531,671037b5-0364-4e23-91f3-040f6fb8c792,7,294,604,0.29,low,1
405,21531,c9015caf-38bd-47ae-be58-531ea0c57f22,7,294,604,0.57,mid,2
406,21531,ebe42c1b-47ba-4965-ae7d-7733175ae61b,5,296,615,0.8,mid,2
407,21531,6f0171e5-3a63-45ce-b646-3a6289bacc61,5,297,623,1.0,high,3
408,21532,df5e0c21-e9ba-4a6e-88a6-b2797a12db50,12,290,582,0.92,mid,2
409,21535,897a099c-ad27-40a2-9127-749690cbe80d,12,290,582,0.67,mid,2
410,22546,c05e8233-b76e-4c15-98ab-813b9370e1e0,5,294,604,0.6,mid,2
411,22559,602f2778-3e81-40c1-a860-5e3d61b33cad,5,296,615,0.8,mid,2
412,22970,25b03efc-a6ff-438d-b583-377e8c567157,12,288,574,1.0,high,3
413,22976,6f68659e-a643-450f-aa0a-66fe8a2d6983,7,294,604,0.43,mid,2
414,22976,ccddae1e-6bfe-4080-bc67-832e2bcf8583,6,294,604,0.67,mid,2
415,22979,8513b17b-c836-4dcb-903a-8d90f4f09399,7,294,604,0.71,mid,2
416,22979,084bd259-0f7e-46e4-800a-638b37481c36,5,296,615,0.6,mid,2
417,22980,b0253474-618d-4413-9697-666fd9a84ae7,5,294,604,0.4,low,1
418,22980,eea07374-6648-4983-a688-029b0c7b3662,7,294,604,0.43,mid,2
419,22980,1093be8f-34fe-4c9c-897a-c1e718c8dacf,5,295,610,1.0,high,3
420,22980,1df1aa49-dbf2-4b33-ac39-f1c10e57e7ab,7,295,610,0.86,mid,2
421,22980,6398f06b-6704-4acc-9a17-c5d3bbf47e55,13,295,610,0.69,mid,2
422,22980,1df4b259-13dc-4716-952c-eea0041e7c34,7,296,615,0.86,mid,2
423,22980,e105da62-7fbb-4b72-ba15-83d39b57a1bd,6,296,615,0.0,low,1
424,22980,1d242fb8-88f5-44d2-8eef-5e2f5a92139c,7,298,627,0.71,mid,2
425,22980,5f4d3f8d-5948-4b9c-b3a4-f0cea0689814,10,298,627,0.7,mid,2
426,22980,f0ba3967-3971-4f13-a31c-26f86d8c6ba4,10,298,627,1.0,high,3
427,22982,5a92f79f-2758-4784-bc53-8a57a3cf246d,7,294,604,1.0,high,3
428,22982,5f46513e-7ee3-4679-a17d-f9a34e89f3ed,6,294,604,0.5,mid,2
429,22982,b845eed3-e377-4c28-a39f-3051aa797752,6,294,604,0.17,low,1
430,22982,17a7121a-eca0-43be-9e78-dd37a97ecf22,13,295,610,0.77,mid,2
431,22982,529c2e54-cf1d-452c-baef-594c2bab8fb1,5,295,610,0.0,low,1
432,22982,6130c2a7-7661-4ea2-8b4e-a853cd54527d,7,295,610,0.29,low,1
433,22982,b0667b5b-83fb-4077-ab36-dfdebea95ed0,13,295,610,0.46,mid,2
434,22982,b69f2f93-697e-4c8f-ae1f-640154bbe578,5,295,610,0.2,low,1
435,22982,bb36e51e-8f0a-4e64-b762-857edbd061bc,5,295,610,0.2,low,1
436,22982,16d5bf0d-47c2-47c5-8d43-aa75fe7eb8aa,7,296,615,0.86,mid,2
437,22982,f8f911bd-9c26-47ab-9420-99cc006f0a2d,7,296,615,1.0,high,3
438,22982,4a955d72-4a51-462e-bef1-24f7d638de72,9,298,627,0.78,mid,2
439,22983,c83e9a7b-343c-4b94-8037-fc927c8ff861,11,290,582,0.82,mid,2
440,22983,a3c53a96-fba8-4f1f-99e4-1753f957b0d8,7,291,589,1.0,high,3
441,22983,0566dc9d-15ca-4c73-9c3e-556e8f35dc8a,7,294,604,1.0,high,3
442,22983,2efaa726-f67d-46df-8636-0213f2a168a5,7,294,604,0.86,mid,2
443,22983,c5d51d9d-9f7e-4e69-9500-53eed645a9fc,9,294,604,0.89,mid,2
444,22983,a14988d4-6771-4d6c-834f-7dbb83d5212f,6,296,615,0.67,mid,2
445,22983,34310635-7180-46fc-b4bd-3d75472ab4db,7,296,616,1.0,high,3
446,22983,a8eaf9dd-dac5-4635-b10c-7489f375db5e,8,296,618,0.88,mid,2
447,22984,af89219f-fd1a-4061-a79e-432d63175def,6,294,604,1.0,high,3
448,22984,be8b2a32-bdfc-4bb7-8955-9f4bd2ca786e,5,294,604,0.6,mid,2
449,22985,50b6dbf7-63f8-4f64-810f-2fc04a023a49,7,296,615,1.0,high,3
450,22985,1993890c-91d1-4375-bf5e-e34313b654da,6,298,627,1.0,high,3
451,22985,34ec944b-00c3-42e3-a611-37f6a7ad9a19,10,298,627,0.7,mid,2
452,22985,d6f1a482-472b-4fbb-8021-b6392f67fc29,10,298,627,1.0,high,3
453,22986,2a86db3a-6d6b-4185-8bc9-7ec57f4c78f0,7,294,604,0.57,mid,2
454,22986,5657e5bc-e56f-4d3a-8bd2-020372595bde,7,294,604,0.86,mid,2
455,22986,c99e4300-4703-4381-bf9f-59f71a7d0004,7,294,604,0.29,low,1
456,22986,479e89ef-b97b-4da0-9b0f-7599efd10aba,8,295,611,0.62,mid,2
457,22986,1bbf0940-52c4-4808-9246-2cc0561f239e,7,296,615,0.43,mid,2
458,22986,2ddb79f2-1013-45b5-bcf3-6c89c04968c9,6,296,615,0.5,mid,2
459,22986,6a250ca9-21d2-4994-bae6-bd3edf6cd03c,7,296,615,1.0,high,3
460,22986,a4e5a824-d693-499f-8563-4e7ed7e86fc3,10,298,627,0.6,mid,2
461,24425,8273a9a8-6e7d-42a6-8ce2-dda9b578d753,6,294,604,0.17,low,1
462,24425,fe258e31-ed38-4f6d-90ea-e20fab9e8482,7,295,610,0.43,mid,2
463,24425,08d60487-4a6c-4881-b792-3db80c3d5378,7,296,615,0.57,mid,2
464,24642,c3d6b684-c559-4670-b230-4d0b93c4781b,7,294,606,0.86,mid,2
465,24656,aa0db913-a2da-4b1b-a1d2-64aeb1b5cd90,5,288,574,1.0,high,3
466,24656,4d33822c-464d-416b-9b44-bc76bb139550,10,291,591,0.4,low,1
467,24656,80f7f908-58bd-4d90-870c-480bea52aa24,6,297,623,0.83,mid,2
468,24656,e6a81db9-127b-4aee-ae78-65b9e0764de9,9,298,627,0.44,mid,2
469,24656,61aca17a-259f-47d4-b511-315e7c882c56,6,298,628,0.5,mid,2
470,24691,904fc3d2-79c1-43e5-abbf-9c36ca1ed277,11,288,574,1.0,high,3
471,24691,b72263ca-4132-4227-93a5-196ff3e1236f,5,295,610,0.8,mid,2
472,24691,d5848322-f7c6-4c5f-add8-852d6581f692,10,298,627,0.7,mid,2
473,24697,228bcb08-df4c-411c-a83c-b97fd1337658,12,290,582,0.92,mid,2
474,24702,10578428-ad97-47fe-aa12-ec00f7d00fff,10,295,610,0.9,mid,2
475,24702,4b7b0294-a168-447a-882d-388e93215e8a,5,295,613,1.0,high,3
476,24751,8e43f6e4-a4dd-45ed-ab33-3466c1436ed1,5,295,611,1.0,high,3
477,26422,4024d4de-44e8-4e67-b005-365e710ff3e1,5,288,574,0.4,low,1
478,26429,02b8afc8-8086-451b-b919-6547083bb6b8,11,288,574,0.91,mid,2
479,26429,249e0a6f-359e-4a6e-9acc-4eff0491b959,11,288,574,1.0,high,3
480,26429,2f95deb5-5b76-43e5-8e8b-9d18d1d2e2b6,11,288,574,0.45,mid,2
481,26429,53425458-6a3e-4019-8e19-cb66fe8fc2ae,11,288,574,0.45,mid,2
482,26429,74b38768-517d-4827-a06b-6205fc787457,11,288,574,0.45,mid,2
483,26429,da4544f7-3dad-4063-bc41-cd476306252d,11,288,574,0.55,mid,2
484,26429,31fae454-2557-4a99-b9fd-a4beea75ffa5,13,288,576,1.0,high,3
485,26429,1c2ea12f-4562-4f86-a0a3-867d2481c436,19,288,578,0.79,mid,2
486,26429,1670ded8-c865-4d59-acb6-3f3af69c672a,7,294,604,1.0,high,3
487,26429,25feb7ef-11c7-4048-8d70-5fb0e8d4ef69,7,294,604,0.86,mid,2
488,26429,d860a797-7274-4bf1-a7a6-03c3031c6049,6,294,604,1.0,high,3
489,26430,f4aae260-738b-4963-adb6-768a879e703b,11,288,574,0.64,mid,2
490,26430,5b5e2a0a-7038-4323-bea8-4c345c616939,10,288,575,0.9,mid,2
491,26430,37479e5a-3643-4275-913d-e7578743be25,10,290,582,0.8,mid,2
492,26436,0f3968d0-f598-4ec5-ab37-af5a16326752,11,288,574,1.0,high,3
493,26436,c9428327-de1c-4926-b573-064069285a86,10,288,574,1.0,high,3
494,26456,8f84d958-cfff-4981-930b-8c7c51c6058a,11,288,574,0.45,mid,2
495,26492,1f5a3033-b725-49d7-956c-3d3454e28e0e,11,173,346,0.18,low,1
496,26492,f53d0bff-edc7-4ad5-975d-f1b4be24596a,11,173,346,0.27,low,1
497,26492,0e47360c-14d2-4fe7-a424-45e4ff3fadae,11,288,574,0.82,mid,2
498,26492,be89a079-76b9-488e-8a70-2b715bd53d73,19,288,575,0.9500000000000001,mid,2
499,26554,c67386e6-bb59-42b1-b41d-711a425ee158,10,298,627,1.0,high,3
500,26613,1e73f284-83a8-405a-b85f-510776953550,6,288,574,0.33,low,1
501,26615,a5650a22-2d80-4bb3-bdd5-89d054f2b2fa,10,288,574,0.4,low,1
502,26626,b21122e8-b57c-43cb-87cf-e5385394a9ae,11,288,574,0.73,mid,2
503,26681,1508ea52-01eb-4b94-ad4b-0e118b8b8531,5,288,574,1.0,high,3
504,26681,167b9434-df48-40b1-90dd-984e3f85d9c2,11,288,574,1.0,high,3
505,26681,936f7eb1-31f1-47a6-9036-5614f40b317e,11,288,574,0.91,mid,2
506,26681,e2a48476-454d-499d-b379-54be1a9a76b8,6,288,574,0.33,low,1
507,26681,2a5cdeb8-00e1-4794-ba48-4a7cde34a256,19,288,575,1.0,high,3
508,26681,21c23777-bf7d-48c3-bdae-3d108cca1c1e,10,290,582,0.9,mid,2
509,26681,411629a4-258d-4d50-b824-43ca5efe911f,11,291,589,0.82,mid,2
510,26681,8ab5cc30-7db8-45e1-a6d1-7fc9ad5d8d66,11,291,589,1.0,high,3
511,26691,ad992322-6841-4c14-b7dd-ca46fc714470,5,288,574,0.4,low,1
512,26962,2104ef6f-9733-4521-977b-e87f002d34a1,11,288,574,1.0,high,3
513,26962,3ff260f8-7a03-4ff3-9d0a-ff3ace54cd33,11,288,574,1.0,high,3
514,26964,e973a8be-dcdd-43f0-9083-95d2c5c95900,7,288,574,0.86,mid,2
515,26964,ef32b678-9493-45f6-b979-5e22c2801040,11,288,574,0.91,mid,2
516,26965,269ed1cc-92ab-48dd-8a53-2c652f6ab91a,5,288,574,0.6,mid,2
517,26965,6dfd131d-9c7d-4949-badb-69ca111f5d27,11,288,574,0.82,mid,2
518,26965,2fce020d-502a-4081-958c-6d97b0d44ef2,19,288,575,0.58,mid,2
519,26980,21f17d2f-5ab4-4ade-9308-fe1062dffa03,11,288,574,0.73,mid,2
520,26980,f5e459f7-8d8c-47dc-8899-d438d5921ff1,11,288,574,0.91,mid,2
521,26980,f98b4668-0446-4ae3-821e-21595ab91ddb,11,288,574,0.91,mid,2
522,26984,3c773874-a2ae-46b2-b478-b0328a73b9a5,11,288,574,0.36,low,1
523,26984,4bcb8c97-34ac-4822-af4b-405ea84ac396,11,288,574,0.55,mid,2
524,26984,61a548f3-c922-4555-880d-8fcd51f03fe0,11,288,574,0.45,mid,2
525,26984,7072b807-b87b-4cd5-a3e0-0312208187b7,11,288,574,0.27,low,1
526,26984,7ca95219-b1a5-4f1c-8dec-d576c0069eef,11,288,574,0.45,mid,2
527,26984,a2aefe33-9f36-496d-a29c-9e90a760e7d5,11,288,574,0.18,low,1
528,26984,b2cc4ee3-bf81-4ed6-8c0e-3d3fa131aa06,11,288,574,0.45,mid,2
529,26984,d76ef7e6-54d1-46a9-b681-4422e53e51a6,11,288,574,0.09099999999999998,low,1
530,26984,df5dea43-11ff-4b70-a00b-a1b9420db020,11,288,574,0.36,low,1
531,26984,e361e748-a6bd-451e-ae61-80dcb6820458,11,288,574,0.09099999999999998,low,1
532,26984,ecb7407a-be1d-495b-b09c-3705121c3106,11,288,574,0.36,low,1
533,26984,53bcf2e3-3401-41c4-854d-8b862524a42e,11,296,615,0.36,low,1
534,27025,ca8ebb9c-031e-47f2-af16-c571863efecb,19,288,575,0.89,mid,2
535,27025,ba45bf97-9d82-4c8c-8a8a-5c087a8cf200,12,290,582,1.0,high,3
536,27025,4d087a0d-65c8-4a95-82d3-4319a8f4fbdc,5,294,604,0.6,mid,2
537,27067,1ac8cb66-6ccd-4c69-a1c3-b1322b2020eb,11,164,307,0.45,mid,2
538,27067,ed48e977-656d-4b8a-a3d4-73b270c326a4,11,164,307,0.45,mid,2
539,27067,04ae4ddf-d9ba-427e-91fc-7ae1c838aeed,11,288,574,0.55,mid,2
540,27067,c8c93ad9-9421-444c-b28d-f91113d109a3,11,288,574,0.82,mid,2
541,27067,c939d1c4-f7d3-4789-b804-5591cb774ee5,7,288,574,0.86,mid,2
542,27069,10e92413-0d38-474e-b7d0-d2065dd58b80,11,288,574,0.73,mid,2
543,27069,a04ecc19-666f-4ebd-abbb-a2c07569f900,6,288,574,0.83,mid,2
544,27069,43d1a07d-5d65-48aa-8c7d-c15d4b3a9d1c,6,293,599,0.83,mid,2
545,27090,0984d3dc-170f-46c3-9c92-a8dea0309642,10,291,589,0.7,mid,2
546,27148,420b1b48-58bc-4ec1-a619-9f027a061dcb,11,288,574,0.91,mid,2
547,27148,f8868752-ebfb-4b7b-93c7-54862d92b52b,11,288,574,0.91,mid,2
548,27148,f9d803f6-4e31-47ac-829a-b7eba97337f1,5,288,574,1.0,high,3
549,27149,1d0a52f6-5112-4a2e-89a3-53b691be1bca,11,288,574,0.91,mid,2
550,27208,b5faffbb-05b3-4a13-89e3-0513e9b71318,7,296,615,1.0,high,3
551,27342,c481aca4-3e87-4ab8-bf4f-cf6e0eea7305,8,292,595,1.0,high,3
552,27343,8fa408c7-9cd0-410d-8c1a-56532c2f1768,10,291,589,0.9,mid,2
553,27358,11f8f727-746a-4522-ab82-8944b6485ec5,11,288,574,0.55,mid,2
554,27358,d1a39166-0ed4-455d-a4e2-ed62303e5a53,12,290,582,0.58,mid,2
555,27384,36e752a3-b1ad-45ee-ae1c-7ee50ecf25d6,7,294,604,0.86,mid,2
556,27950,9e65c27e-a2c7-4a57-94e1-290d3b528e9c,7,296,615,0.57,mid,2
557,27952,759072ff-0894-4066-bb33-15e435860b58,8,296,618,0.12,low,1
558,27956,8a80e9ab-1a8a-47d7-a3b5-9ba70b588296,7,294,604,0.86,mid,2
559,27956,1f03d58b-e729-4709-ad31-bbdb7579d78e,7,296,615,0.86,mid,2
560,27975,c99738e8-33cb-4650-8920-67eb6332348e,5,294,604,0.6,mid,2
561,28815,41108a68-b2d8-42b7-b5a5-f166aa82c6a4,10,298,627,0.6,mid,2
562,28815,6653934c-197e-445e-ad83-40c63c4577d5,10,298,627,0.3,low,1
563,28847,ffa6e431-e003-4fed-a5fa-abe61e58f84b,5,298,627,0.8,mid,2
564,28877,5df3ba78-ee02-493c-8817-2977ae75da64,7,294,604,0.86,mid,2
565,28879,8562c700-10e3-447b-ac4b-202af6ee496d,10,298,627,0.9,mid,2
566,28945,4c663dc5-76c0-4ba5-b284-6a8546cf25e9,12,288,574,1.0,high,3
567,28945,735d6830-0645-492f-a7b1-b5c0566b8b90,10,288,576,1.0,high,3
568,28945,9f3929c7-224c-41d4-883e-91d3f2427c98,6,289,581,1.0,high,3
569,28945,4f5c94f5-cedd-46e3-8c78-a446a0f0ba08,9,291,592,0.89,mid,2
570,28945,76b6d41a-b758-4e8f-a1ca-7aca2cd19a75,7,294,604,0.86,mid,2
571,28945,8269b653-4656-467d-a189-df390742fd5d,6,294,604,1.0,high,3
572,28945,a7ba5670-131d-4bb9-b62b-ea0d9510df10,7,294,604,1.0,high,3
573,28945,e5cb8db0-bfd1-4521-bb6b-77913ce6d0c8,5,294,604,1.0,high,3
574,28945,200779e9-8cbe-4ec5-ba65-506eda09e701,7,294,606,0.86,mid,2
575,28945,fc19d6f4-3e76-45ef-b20f-60814c44e6f9,6,294,606,1.0,high,3
576,28945,51a385c9-1e32-4ce9-aff1-57b78f62c61c,8,296,616,1.0,high,3
577,28945,8d4f777a-da48-49e4-b956-0933f8bbbffc,8,296,618,1.0,high,3
578,28945,9c2f0edc-7669-462c-a30b-90447c641a68,8,296,618,1.0,high,3
579,28945,e6062033-c323-4b74-b2e6-a0c86cb2d487,8,296,620,1.0,high,3
580,28945,8b40fe86-4492-4331-953d-6b4a4b011974,7,296,622,1.0,high,3
581,28945,3b93d626-a150-4605-bc03-b6882e268ef7,8,297,623,1.0,high,3
582,28945,7dcfab3e-ee48-48b0-81b5-cfac5e17d977,8,297,623,1.0,high,3
583,28945,4fff458b-6995-4c6d-b966-e8f4d560095a,8,297,624,0.88,mid,2
584,28945,d66d741b-eaa6-4579-bc97-ec6177491af6,15,297,624,1.0,high,3
585,28945,5f2b8682-ac8c-4448-9ffd-620682bffc1c,10,298,627,1.0,high,3
586,28945,8dc552c5-44ee-4522-8c8b-2c3e1edec9ad,10,298,627,1.0,high,3
587,28945,e89f6819-e564-48e2-b1e2-86f5e5ee6865,10,298,628,1.0,high,3
588,28945,1b9d2dba-075e-4aca-98bb-27875aae81d4,8,298,629,0.75,mid,2
589,28945,5305b38d-a4d5-4ab5-87cd-fd076908f593,9,298,629,0.89,mid,2
590,28945,75320ca5-b86d-40f0-beb3-ca6e98c623d2,6,298,630,1.0,high,3
591,28945,c8384d5c-613e-4f90-9892-4295b3b7972b,8,298,630,1.0,high,3
592,28946,4ef01d64-85f1-440b-8142-2be9cbab2354,11,288,574,0.36,low,1
593,28959,ef007efb-85d5-4375-ad4d-e79091a0c6ee,12,290,582,0.75,mid,2
594,29042,c982f92d-6eb9-4274-b5fb-6e9741e36ad5,6,292,595,0.67,mid,2
595,29119,97949e7e-5a4f-4f20-a34a-dc5d3c2de07b,7,296,615,0.86,mid,2
596,29132,0a124eda-9cd4-47d7-a464-7e407e8abfea,12,288,574,0.42,mid,2
597,29132,c0567947-8678-4c00-a159-8326566dc5f1,12,288,574,0.5,mid,2
598,29132,1bcfffd2-8c24-4e06-97f0-47401f04dc44,11,290,582,0.82,mid,2
599,29139,4edfbbf5-539c-4867-973a-e69c1dc612b2,13,295,610,0.31,low,1
600,29139,20e096a8-b044-49ee-97ac-5b6f7bb71852,10,298,627,0.7,mid,2
601,29184,42c2c077-0a16-4f0b-bc13-58bcf0da894d,12,176,353,0.67,mid,2
602,29184,292ba118-124d-444b-9bcf-d1d3853240e6,7,295,610,0.71,mid,2
603,29184,97633a84-1dd1-4c8d-acf8-aac5cb4699c4,8,297,623,0.62,mid,2
604,29314,ae545080-d74f-4734-bcb1-4ed0474128c0,7,296,615,1.0,high,3
605,29508,df80c228-e4c7-4d5d-bd73-96fe04011c58,7,295,610,0.29,low,1
606,29605,14b123cb-accb-4202-ba93-aa9a8eba8412,12,290,582,1.0,high,3
607,29605,59782a17-de22-4742-8b07-1d004c06f8de,5,293,600,1.0,high,3
608,29655,477e5d48-78b3-45bc-8019-217d2f53ee18,13,295,610,0.77,mid,2
609,29659,3a7ae062-c04b-48eb-be29-de1cbf4f4d95,7,294,604,0.71,mid,2
610,29659,6b9f514b-98b1-4fd0-b187-95202084b58e,7,294,604,0.71,mid,2
611,29659,26142ca3-be02-405e-975e-36798c063345,5,295,610,1.0,high,3
612,29659,27f04095-17a2-492a-859f-2ce658e5f717,5,295,610,1.0,high,3
613,29659,6dc09a48-d708-4284-98e0-9c2aa67534b1,5,295,610,1.0,high,3
614,29672,548cf961-9d44-4ed7-8513-5e4b4ff6df03,10,291,589,0.5,mid,2
615,29734,371ba370-6c12-4937-a32a-d97f44a37254,5,294,604,0.4,low,1
616,29762,ce9cf243-985a-4b6f-af0b-f9e1e760ac9a,7,294,604,0.71,mid,2
617,29832,5074af00-2e52-45c4-89d2-dc1e0c89ab85,8,295,611,0.5,mid,2
618,29845,51b74921-f045-497b-906e-ce8970f7d64b,7,294,604,0.86,mid,2
619,29845,e7924209-c0d3-4204-b402-d958bfe70e25,6,294,604,0.83,mid,2
620,29926,b52a9929-809a-43d6-a4cf-90b5986a5dc7,6,294,604,0.5,mid,2
621,29949,e98ff2d8-fb29-4d41-99dd-a12234d846fa,6,295,610,0.5,mid,2
622,29949,fad41009-5705-4f49-a82c-77801eedd5f1,11,295,610,0.45,mid,2
623,30073,466bbc56-df66-4209-85c8-74d43c361621,6,296,615,0.67,mid,2
624,30305,c6107d63-3d15-4d05-8aed-87759cfc1ae1,13,295,610,0.69,mid,2
625,30305,24bed7df-ad5b-4414-93c8-4874f92344dd,5,296,615,0.8,mid,2
626,30341,099606fa-2eca-4446-b41d-ba38b8eb4982,11,290,582,1.0,high,3
627,30341,e6d82116-fad2-4b37-a07e-4f23053b5cd7,5,291,590,0.4,low,1
628,30341,5ecbb093-8cfa-46c1-bcfa-e866cf02c105,5,293,603,0.6,mid,2
629,30341,ef11fe7d-f21c-437e-8ea1-1466e150f4fd,8,296,620,0.5,mid,2
630,30395,f522adfb-fea3-4e06-9dcc-e1ebcf1ef9ea,5,294,605,0.2,low,1
631,30395,2528380e-f9f1-4a23-9ee7-44e1e37e66e0,8,294,609,0.62,mid,2
632,30395,9442e543-0bce-4070-a613-1320229435b4,7,296,618,0.43,mid,2
633,30395,223ade8a-9538-49da-9bc0-2724d1ed8a43,5,296,619,0.6,mid,2
634,30425,4bbad019-eb3c-432a-9d5e-fa5d9bd41a4d,5,294,604,0.8,mid,2
635,30425,9e7c7146-513c-43a3-bb7b-63e6ea56e18c,6,294,604,0.83,mid,2
636,30425,313644f3-e0df-432b-97d2-b28e78dbc730,5,294,607,0.6,mid,2
637,30425,8a95fd3b-01b6-4fd3-aebb-dc0507de40dc,6,294,607,0.33,low,1
638,30718,d405fd6c-c6d2-49f6-a7cf-67c0a9610199,12,288,574,0.92,mid,2
639,30718,f4088bb5-2acf-4735-b635-4dcd2a7aea8a,19,288,575,0.84,mid,2
640,30718,2f743fde-bbbf-4ec7-bf59-6e2990917a8c,19,288,578,0.89,mid,2
641,30718,9dc883cb-9794-437f-b01a-83be117869a2,6,288,579,0.83,mid,2
642,30821,3b326011-db8b-4056-aaa6-4e8711de7bd4,8,288,574,0.75,mid,2
643,30838,807fad1d-525a-4147-8938-b2f4065fe92a,5,288,574,0.8,mid,2
644,30844,dd362c69-d5c0-4d3d-a960-4d7ae4c9e34b,5,288,574,0.4,low,1
645,30846,a8495291-e800-4bdc-a2f2-0a84a57ed2f2,9,290,582,0.67,mid,2
646,30853,aba274b7-6f99-445d-9143-4621143a50e3,10,290,582,0.9,mid,2
647,30863,4d936073-4481-4e62-aa8c-db74527259d7,12,288,574,0.58,mid,2
648,30863,73c7bc98-a88b-4669-8c80-70ffcf44c89e,12,288,574,0.75,mid,2
649,30870,7fc50b9e-895c-4666-8249-d42694a9817c,9,288,574,1.0,high,3
650,30870,868a4c81-f83b-472f-a8d2-98b43295320a,5,294,604,0.8,mid,2
651,30875,f915f34c-f505-465e-915b-140b464364ba,9,292,597,0.56,mid,2
652,31134,a01b6efe-ccd6-41b2-a810-e08ad4e2a3fa,13,295,610,0.69,mid,2
653,31541,4bf6efb1-d6f9-4b63-9f02-caaf50f6d4b7,8,288,576,0.62,mid,2
654,31588,6f82629b-c40b-413b-9769-b8bca6271c83,12,288,574,0.33,low,1
655,31588,f8638a65-205b-4ab4-aeec-3aa0c8a323d9,10,291,589,0.2,low,1
656,31588,2272c6a1-a6d8-411d-9981-a18b856f1e25,11,295,610,0.18,low,1
657,31603,44966b14-cc01-484a-b081-f9c755353ccb,7,288,574,1.0,high,3
658,31613,d25d7246-35e9-4a1c-8364-1e92956c286d,12,288,574,0.92,mid,2
659,31671,52731a4c-4e2b-4703-a406-c3d3b0705be8,12,288,574,1.0,high,3
660,31671,2c8e210c-d37a-4f8e-ab9b-2965e35ee9a9,13,288,576,0.77,mid,2
661,31671,846831b9-2b70-40b4-9d31-3dd8850a5bd3,13,288,576,0.31,low,1
662,31671,21acfa7f-0f85-4e0f-8596-bfd3a6daf395,8,288,578,0.88,mid,2
663,31671,6d572d3e-840d-441f-a155-751ec689cbd9,19,288,578,0.89,mid,2
664,31671,ad9934a5-a416-4c92-847a-0d62058a14a4,10,288,578,0.5,mid,2
665,31671,e1ce137a-b128-447b-b583-b703c6f3c79f,18,288,578,0.39,low,1
666,31671,6873b840-a53a-4ede-a821-4ce80080fcc9,10,288,579,0.7,mid,2
667,31671,339157c3-faab-48f4-8e61-5c9abdd2dec3,5,291,589,0.4,low,1
668,31671,718dc673-c9e2-479d-bacd-f3f91c0e115d,8,291,589,0.0,low,1
669,31671,72e02746-69b9-427c-baad-47e64a173732,7,291,589,0.29,low,1
670,31671,9ea0f973-539c-40ea-a7a7-cc0a10afad4d,6,291,589,0.0,low,1
671,31671,d5f0bd7a-d7ee-49ee-a546-ff0aadca8577,10,291,589,0.4,low,1
672,31671,e1a0e80a-cf88-4662-934b-be462cf588c2,7,291,589,0.14,low,1
673,31671,fc359202-3476-4514-949b-50936c77ac37,7,291,589,0.14,low,1
674,31671,444f89e0-e03e-4b92-b285-6701133d5643,10,291,591,0.2,low,1
675,31671,ff8dc9d3-afdf-4827-a983-c7957cbf3667,9,291,592,0.33,low,1
676,31671,f877d92c-ae87-47e3-864f-0ae3fcc4bd34,9,293,601,0.11,low,1
677,31671,f6ba5e9b-99e2-4a1c-8737-42518fed17d8,7,293,602,0.29,low,1
678,31671,631ea629-9be9-4e17-b88b-bff2e270e793,6,293,603,0.33,low,1
679,31671,93af2886-29f5-4db9-8125-5362c0b65969,6,293,603,0.67,mid,2
680,33303,64bb505e-7b04-4d3d-96d4-21554ce6237b,7,294,604,1.0,high,3
681,33303,d9be3b77-db2f-4cc5-abb9-b9d94fc98ae3,5,294,606,0.4,low,1
682,33396,653c6996-e920-487e-bc0b-f525193040ea,5,288,574,0.8,mid,2
